name;surname;email;exercise_duration;objective
Timon;Bodmer;timon.bodmer@uzh.ch;60;A2
Räto;Kessler;raeto.kessler@uzh.ch;20;A1
Felix;Jost;felix.jost@uzh.ch;40;B2
Tatjana;Ferri;tatjana.ferri@uzh.ch;30;A2
Debora;Costa;debora.costa@uzh.ch;70;B1
Radu;Tanase;radu.tanase@uzh.ch;50;A1
